cohort,accounts,closed_mrr_eur,churned_180d_accounts_pct,churned_180d_mrr_pct,avg_tickets_90d,avg_tickets_180d,avg_nps_6m,avg_csat_6m,avg_health_score,avg_risk_index
Beta-promised,377,646167.14,0.15119363395225463,0.16399057370822043,0.870026525198939,1.70026525198939,-19.983554376657825,2.5148541114058354,33.5079575596817,46.92360742705571
No beta promise,1123,2343119.52,0.04007123775601069,0.04131576267180772,0.7310774710596616,1.4755120213713269,29.728940338379346,3.7321460373998216,67.43615316117543,21.075333926981298
Low-fit,346,592164.3300000001,0.17052023121387283,0.16391715117322248,0.861271676300578,1.6502890173410405,-27.07514450867052,2.328901734104046,29.156358381502887,46.672254335260114
High-fit score ≥75,476,963347.4,0.029411764705882353,0.027629119048849876,0.6974789915966386,1.468487394957983,44.897268907563024,4.090546218487395,76.85168067226891,15.161134453781512
Risky + Toxic,114,213359.96,0.6491228070175439,0.6345333023122052,1.1491228070175439,2.087719298245614,-58.2140350877193,1.5815789473684212,11.820175438596493,63.28947368421052
Healthy,1018,2132552.2300000004,0.0,0.0,0.6797642436149313,1.4223968565815324,38.84489194499017,3.9642436149312372,73.47888015717092,17.969646365422395
