{
  "total_accounts": 1500,
  "total_contract_value_eur_arr_proxy": 35871439.74,
  "total_closed_mrr_eur": 2989286.66,
  "average_acv_eur": 23914.29,
  "median_acv_eur": 13550.33,
  "surviving_mrr_90d_eur": 2895143.55,
  "surviving_mrr_180d_eur": 2786513.57,
  "churned_mrr_90d_eur": 94143.11,
  "churned_mrr_180d_eur": 202773.09,
  "churn_rate_90d": 0.03,
  "churn_rate_180d": 0.068,
  "churn_rate_12m": 0.142,
  "accounts_churned_180d": 102,
  "accounts_churned_12m": 213,
  "risky_toxic_mrr_eur": 213359.96,
  "risky_toxic_mrr_share": 0.0714,
  "risky_toxic_accounts": 114,
  "ticket_multiplier_toxic_vs_healthy_90d": 2.45,
  "beta_churn_180d": 0.1512,
  "nonbeta_churn_180d": 0.0401,
  "lowfit_churn_180d": 0.1705,
  "highfit_churn_180d": 0.0294,
  "business_classification": "Mid-market / scaling B2B SaaS, selling mainly to SMB and mid-market customers",
  "spillover_proxy": {
    "method_note": "Proxy only: compares high-ticket-volume months vs low-ticket-volume months. This supports a directional business hypothesis, not a causal proof.",
    "low_load_months_avg_tickets": 34.3,
    "high_load_months_avg_tickets": 318.0,
    "low_load_months_avg_nps": 27.6,
    "high_load_months_avg_nps": 15.3,
    "low_load_months_avg_csat": 3.68,
    "high_load_months_avg_csat": 3.38,
    "ticket_volume_vs_avg_nps_corr": -0.989,
    "ticket_volume_vs_avg_csat_corr": -0.99
  },
  "segment_metrics": [
    {
      "segment": "Healthy",
      "accounts": 1018,
      "account_share": 0.6786666666666666,
      "closed_mrr_eur": 2132552.2300000004,
      "mrr_share": 0.7133983697635745,
      "churned_mrr_180d_eur": 0.0,
      "churned_mrr_180d_pct": 0.0,
      "churned_180d_accounts_pct": 0.0,
      "avg_tickets_90d": 0.6797642436149313,
      "avg_tickets_180d": 1.4223968565815324,
      "avg_sales_fit": 73.01856581532418,
      "avg_nps_6m": 38.84489194499017,
      "avg_csat_6m": 3.9642436149312372,
      "avg_support_csat": 3.8027098321342927,
      "avg_risk_index": 17.969646365422395,
      "beta_promise_pct": 0.055992141453831044,
      "low_fit_pct": 0.07170923379174853
    },
    {
      "segment": "Watchlist",
      "accounts": 368,
      "account_share": 0.24533333333333332,
      "closed_mrr_eur": 643374.47,
      "mrr_share": 0.21522675580400846,
      "churned_mrr_180d_eur": 67389.09,
      "churned_mrr_180d_pct": 0.10474318323510723,
      "churned_180d_accounts_pct": 0.07608695652173914,
      "avg_tickets_90d": 0.8858695652173914,
      "avg_tickets_180d": 1.6630434782608696,
      "avg_sales_fit": 53.414945652173905,
      "avg_nps_6m": -19.173641304347825,
      "avg_csat_6m": 2.5092391304347825,
      "avg_support_csat": 3.130190217391304,
      "avg_risk_index": 43.06983695652173,
      "beta_promise_pct": 0.6114130434782609,
      "low_fit_pct": 0.49728260869565216
    },
    {
      "segment": "Risky",
      "accounts": 108,
      "account_share": 0.072,
      "closed_mrr_eur": 203231.52,
      "mrr_share": 0.06798662795357338,
      "churned_mrr_180d_eur": 125255.56,
      "churned_mrr_180d_pct": 0.6163195551556176,
      "churned_180d_accounts_pct": 0.6296296296296297,
      "avg_tickets_90d": 1.1203703703703705,
      "avg_tickets_180d": 2.064814814814815,
      "avg_sales_fit": 44.43611111111112,
      "avg_nps_6m": -57.72222222222223,
      "avg_csat_6m": 1.5925925925925928,
      "avg_support_csat": 2.7220370370370373,
      "avg_risk_index": 62.60462962962961,
      "beta_promise_pct": 0.8240740740740741,
      "low_fit_pct": 0.7777777777777778
    },
    {
      "segment": "Toxic",
      "accounts": 6,
      "account_share": 0.004,
      "closed_mrr_eur": 10128.439999999999,
      "mrr_share": 0.0033882464788438857,
      "churned_mrr_180d_eur": 10128.439999999999,
      "churned_mrr_180d_pct": 1.0,
      "churned_180d_accounts_pct": 1.0,
      "avg_tickets_90d": 1.6666666666666667,
      "avg_tickets_180d": 2.5,
      "avg_sales_fit": 31.433333333333334,
      "avg_nps_6m": -67.06666666666668,
      "avg_csat_6m": 1.383333333333333,
      "avg_support_csat": 2.233333333333333,
      "avg_risk_index": 75.61666666666667,
      "beta_promise_pct": 1.0,
      "low_fit_pct": 1.0
    }
  ]
}