segment,accounts,account_share,closed_mrr_eur,mrr_share,churned_mrr_180d_eur,churned_mrr_180d_pct,churned_180d_accounts_pct,avg_tickets_90d,avg_tickets_180d,avg_sales_fit,avg_nps_6m,avg_csat_6m,avg_support_csat,avg_risk_index,beta_promise_pct,low_fit_pct
Healthy,1018,0.6786666666666666,2132552.2300000004,0.7133983697635745,0.0,0.0,0.0,0.6797642436149313,1.4223968565815324,73.01856581532418,38.84489194499017,3.9642436149312372,3.8027098321342927,17.969646365422395,0.055992141453831044,0.07170923379174853
Watchlist,368,0.24533333333333332,643374.47,0.21522675580400846,67389.09,0.10474318323510723,0.07608695652173914,0.8858695652173914,1.6630434782608696,53.414945652173905,-19.173641304347825,2.5092391304347825,3.130190217391304,43.06983695652173,0.6114130434782609,0.49728260869565216
Risky,108,0.072,203231.52,0.06798662795357338,125255.56,0.6163195551556176,0.6296296296296297,1.1203703703703705,2.064814814814815,44.43611111111112,-57.72222222222223,1.5925925925925928,2.7220370370370373,62.60462962962961,0.8240740740740741,0.7777777777777778
Toxic,6,0.004,10128.439999999999,0.0033882464788438857,10128.439999999999,1.0,1.0,1.6666666666666667,2.5,31.433333333333334,-67.06666666666668,1.383333333333333,2.233333333333333,75.61666666666667,1.0,1.0
